step,train_loss
0,6.893347
1,6.935938
2,6.952
3,6.94273
4,6.851046
5,6.735085
6,6.649305
7,6.5816
8,6.502287
9,6.358297
10,6.263046
11,6.144127
12,6.054491
13,5.933358
14,5.836754
15,5.725899
16,5.596375
17,5.46124
18,5.340207
19,5.276527
20,5.198352
21,5.101676
22,5.021942
23,4.923872
24,4.868073
25,4.773456
26,4.696429
27,4.653586
28,4.562581
29,4.473698
30,4.397384
31,4.35509
32,4.265538
33,4.209555
34,4.145298
35,4.075236
36,4.012096
37,3.954386
38,3.886439
39,3.828726
40,3.794714
41,3.758069
42,3.719115
43,3.689364
44,3.67338
45,3.604398
46,3.536085
47,3.514198
48,3.463706
49,3.392512
50,3.356245
51,3.309654
52,3.291879
53,3.272891
54,3.254661
55,3.261854
56,3.326714
57,3.276192
58,3.263226
59,3.264694
60,3.204116
61,3.173927
62,3.119451
63,3.074024
64,3.038402
65,3.016506
66,3.003715
67,2.978992
68,2.977285
69,2.974062
70,2.955891
71,2.981477
72,2.985921
73,2.993632
74,2.979869
75,2.952737
76,2.917676
77,2.875521
78,2.870408
79,2.864889
80,2.879339
81,2.910053
82,2.942621
83,2.923111
84,2.932911
85,2.914946
86,2.923092
87,2.891742
88,2.85837
89,2.855395
90,2.857612
91,2.870049
92,2.873416
93,2.800144
94,2.7798
95,2.772294
96,2.765604
97,2.744669
98,2.745364
99,2.721767
100,2.726803
101,2.695416
102,2.703959
103,2.691605
104,2.679141
105,2.681852
106,2.64863
107,2.652829
108,2.671752
109,2.658322
110,2.679604
111,2.669385
112,2.645392
113,2.627461
114,2.604655
115,2.590487
116,2.609111
117,2.566355
118,2.564821
119,2.56161
120,2.571122
121,2.582816
122,2.588447
123,2.620003
124,2.609076
125,2.625899
126,2.6132
127,2.573641
128,2.580858
129,2.571432
130,2.543276
131,2.545236
132,2.569977
133,2.598952
134,2.581434
135,2.574421
136,2.591478
137,2.592093
138,2.605921
139,2.622079
140,2.623738
141,2.662062
142,2.678288
143,2.674159
144,2.656559
145,2.667842
146,2.621945
147,2.616036
148,2.634371
149,2.64859
150,2.653031
151,2.661015
152,2.669782
153,2.676473
154,2.709017
155,2.703135
156,2.716072
157,2.703001
158,2.722161
159,2.691425
160,2.682414
161,2.675662
162,2.646038
163,2.667601
164,2.636911
165,2.617071
166,2.590649
167,2.579042
168,2.575248
169,2.590047
170,2.586869
171,2.615171
172,2.591575
173,2.585697
174,2.616772
175,2.626998
176,2.653026
177,2.613858
178,2.600464
179,2.623569
180,2.607779
181,2.625542
182,2.654392
183,2.657214
184,2.656453
185,2.688121
186,2.641139
187,2.616454
188,2.598368
189,2.560991
190,2.553701
191,2.555265
192,2.571113
193,2.588642
194,2.583721
195,2.570706
196,2.578411
197,2.569479
198,2.553745
199,2.544983
200,2.551972
201,2.558825
202,2.563146
203,2.569451
204,2.571004
205,2.600933
206,2.599188
207,2.588153
208,2.564004
209,2.555021
210,2.527922
211,2.537154
212,2.542162
213,2.559985
214,2.582487
215,2.593869
216,2.573687
217,2.576869
218,2.537475
219,2.529734
220,2.510762
221,2.521365
222,2.535009
223,2.540979
224,2.533501
225,2.527389
226,2.521598
227,2.548062
228,2.553123
229,2.561812
230,2.574611
231,2.600082
232,2.566212
233,2.54923
234,2.533732
235,2.547729
236,2.552088
237,2.53268
238,2.510021
239,2.52353
240,2.555075
241,2.567348
242,2.565973
243,2.550313
244,2.556595
245,2.543693
246,2.525644
247,2.544777
248,2.500169
249,2.482797
250,2.497923
251,2.519286
252,2.52323
253,2.547807
254,2.529509
255,2.533784
256,2.559332
257,2.562412
258,2.565178
259,2.548098
260,2.552641
261,2.53114
262,2.53017
263,2.524126
264,2.538834
265,2.523742
266,2.455357
267,2.456967
268,2.47512
269,2.487549
270,2.469028
271,2.482983
272,2.480291
273,2.487462
274,2.498587
275,2.525943
276,2.546085
277,2.520948
278,2.539366
279,2.51852
280,2.513322
281,2.500684
282,2.494255
283,2.512947
284,2.540295
285,2.512848
286,2.518734
287,2.503437
288,2.486666
289,2.501903
290,2.494154
291,2.484885
292,2.495755
293,2.499734
294,2.523608
295,2.539593
296,2.517307
297,2.492057
298,2.475212
299,2.468247
300,2.483169
301,2.494994
302,2.505051
303,2.494159
304,2.481461
305,2.510523
306,2.502521
307,2.474017
308,2.482532
309,2.47001
310,2.46193
311,2.444841
312,2.457555
313,2.451584
314,2.441464
315,2.448769
316,2.460415
317,2.504951
318,2.52746
319,2.4896
320,2.473553
321,2.473963
322,2.499592
323,2.507969
324,2.511064
325,2.50833
326,2.494313
327,2.484396
328,2.506934
329,2.507233
330,2.482699
331,2.473479
332,2.457974
333,2.438837
334,2.44412
335,2.436807
336,2.43804
337,2.448391
338,2.471274
339,2.49279
340,2.496823
341,2.501211
342,2.509946
343,2.5065
344,2.511825
345,2.498337
346,2.495072
347,2.455121
348,2.442554
349,2.465385
350,2.471446
351,2.471866
352,2.48314
353,2.507416
354,2.497773
355,2.47734
356,2.471318
357,2.484987
358,2.51297
359,2.48905
360,2.509135
361,2.503512
362,2.508932
363,2.499266
364,2.528438
365,2.53379
366,2.526811
367,2.503376
368,2.530871
369,2.514781
370,2.532725
371,2.520658
372,2.47556
373,2.479297
374,2.479912
375,2.491721
376,2.468437
377,2.461257
378,2.447296
379,2.428249
380,2.448873
381,2.452827
382,2.477458
383,2.492003
384,2.482057
385,2.48197
386,2.469628
387,2.453067
388,2.446257
389,2.465461
390,2.468606
391,2.458456
392,2.436479
393,2.428381
394,2.419555
395,2.456581
396,2.448213
397,2.480185
398,2.507751
399,2.47756
400,2.488878
401,2.456034
402,2.470068
403,2.489858
404,2.494401
405,2.487015
406,2.504353
407,2.475198
408,2.487066
409,2.480495
410,2.473973
411,2.466395
412,2.473874
413,2.487823
414,2.464932
415,2.445166
416,2.432396
417,2.429234
418,2.415474
419,2.423559
420,2.422664
421,2.418326
422,2.452494
423,2.460738
424,2.471012
425,2.477367
426,2.457404
427,2.458749
428,2.439531
429,2.395492
430,2.429055
431,2.424509
432,2.45612
433,2.466674
434,2.444997
435,2.434871
436,2.424864
437,2.421628
438,2.433524
439,2.417259
440,2.44012
441,2.453554
442,2.455732
443,2.460132
444,2.458071
445,2.453577
446,2.454139
447,2.438697
448,2.437537
449,2.441781
450,2.460229
451,2.446334
452,2.471524
453,2.421437
454,2.408957
455,2.439704
456,2.453494
457,2.457678
458,2.44123
459,2.440644
460,2.44899
461,2.457686
462,2.45084
463,2.453104
464,2.440756
465,2.438101
466,2.414218
467,2.407834
468,2.378978
469,2.380595
470,2.349672
471,2.351339
472,2.366268
473,2.375759
474,2.379173
475,2.373798
476,2.385787
477,2.375413
478,2.393849
479,2.434244
480,2.425114
481,2.414798
482,2.420253
483,2.442713
484,2.44281
485,2.429039
486,2.438034
487,2.418358
488,2.432604
489,2.412156
490,2.400927
491,2.402714
492,2.39148
493,2.418727
494,2.414217
495,2.396494
496,2.403011
497,2.444099
498,2.443251
499,2.450635
500,2.462629
501,2.459247
502,2.469609
503,2.453429
504,2.435717
505,2.401112
506,2.397539
507,2.395804
508,2.412753
509,2.404679
510,2.419756
511,2.429772
512,2.459553
513,2.469886
514,2.506435
515,2.49945
516,2.465495
517,2.443888
518,2.397089
519,2.372135
520,2.395833
521,2.418475
522,2.418375
523,2.442725
524,2.447178
525,2.456393
526,2.449717
527,2.46992
528,2.441026
529,2.431075
530,2.441801
531,2.453638
532,2.446359
533,2.461651
534,2.430025
535,2.441761
536,2.42957
537,2.442731
538,2.440434
539,2.418528
540,2.431216
541,2.456564
542,2.474967
543,2.496787
544,2.51127
545,2.538548
546,2.551356
547,2.557045
548,2.556524
549,2.577435
550,2.554454
551,2.532284
552,2.522487
553,2.520114
554,2.521939
555,2.517119
556,2.531462
557,2.548877
558,2.545945
559,2.53359
560,2.537431
561,2.518401
562,2.491105
563,2.476552
564,2.490393
565,2.470705
566,2.462704
567,2.441427
568,2.439995
569,2.425605
570,2.431732
571,2.433919
572,2.422998
573,2.398023
574,2.418413
575,2.424663
576,2.432287
577,2.3894
578,2.403068
579,2.434557
580,2.420116
581,2.416684
582,2.420117
583,2.417997
584,2.406312
585,2.399132
586,2.387075
587,2.360777
588,2.380567
589,2.366086
590,2.360212
591,2.373806
592,2.394388
593,2.322629
594,2.348552
595,2.35793
596,2.381516
597,2.363574
598,2.395898
599,2.365493
600,2.377989
601,2.395508
602,2.403631
603,2.418259
604,2.429681
605,2.429809
606,2.449682
607,2.456306
608,2.45468
609,2.469249
610,2.472909
611,2.47459
612,2.480712
613,2.455189
614,2.435629
615,2.426528
616,2.419787
617,2.401642
618,2.405041
619,2.414913
620,2.414161
621,2.422833
622,2.437269
623,2.441948
624,2.405639
625,2.377402
626,2.386971
627,2.422944
628,2.414786
629,2.425191
630,2.442305
631,2.435354
632,2.464561
633,2.470795
634,2.480345
635,2.488734
636,2.517589
637,2.554503
638,2.566016
639,2.561608
640,2.54823
641,2.569549
642,2.555082
643,2.535178
644,2.538957
645,2.534405
646,2.528873
647,2.507487
648,2.507232
649,2.500843
650,2.507967
651,2.487967
652,2.485043
653,2.487045
654,2.472439
655,2.500043
656,2.520175
657,2.560621
658,2.536011
659,2.51964
660,2.506363
661,2.503468
662,2.461628
663,2.452059
664,2.455555
665,2.46382
666,2.47328
667,2.491125
668,2.475488
669,2.408526
670,2.412881
671,2.439074
672,2.44217
673,2.438611
674,2.426189
675,2.447417
676,2.450222
677,2.447925
678,2.443786
679,2.438373
680,2.4325
681,2.441272
682,2.431687
683,2.426208
684,2.414009
685,2.379096
686,2.399112
687,2.37392
688,2.3827
689,2.395142
690,2.407755
691,2.409701
692,2.391744
693,2.399753
694,2.409936
695,2.431849
696,2.439796
697,2.481234
698,2.439288
699,2.433283
700,2.390713
701,2.397498
702,2.411858
703,2.414482
704,2.421943
705,2.41789
706,2.405583
707,2.411449
708,2.385264
709,2.372041
710,2.387122
711,2.400311
712,2.400664
713,2.398211
714,2.392773
715,2.383254
716,2.394983
717,2.415519
718,2.391848
719,2.370788
720,2.385107
721,2.385513
722,2.381098
723,2.375853
724,2.372596
725,2.349597
726,2.326339
727,2.333264
728,2.344617
729,2.361311
730,2.364633
731,2.362964
732,2.356182
733,2.331006
734,2.35552
735,2.370399
736,2.341618
737,2.370807
738,2.363535
739,2.367647
740,2.377265
741,2.380489
742,2.439769
743,2.416642
744,2.42827
745,2.433524
746,2.428879
747,2.437907
748,2.471783
749,2.494183
750,2.521559
751,2.519199
752,2.523533
753,2.514091
754,2.520645
755,2.531989
756,2.529872
757,2.522845
758,2.528474
759,2.520915
760,2.523046
761,2.511381
762,2.504841
763,2.522088
764,2.524017
765,2.522338
766,2.488194
767,2.464351
768,2.467184
769,2.485479
770,2.477182
771,2.457245
772,2.439779
773,2.459831
774,2.464327
775,2.458198
776,2.46166
777,2.467057
778,2.459496
779,2.437599
780,2.442557
781,2.416541
782,2.395367
783,2.383323
784,2.391589
785,2.377506
786,2.394499
787,2.387747
788,2.363684
789,2.359619
790,2.350496
791,2.359071
792,2.356571
793,2.367826
794,2.354561
795,2.381023
796,2.406978
797,2.404744
798,2.396606
799,2.365383
800,2.401278
801,2.43947
802,2.411877
803,2.39049
804,2.369861
805,2.319969
806,2.341802
807,2.360943
808,2.315981
809,2.336977
810,2.371126
811,2.351946
812,2.328104
813,2.321448
814,2.3793
815,2.360949
816,2.37477
817,2.341875
818,2.342268
819,2.339659
820,2.324419
821,2.338436
822,2.369229
823,2.379854
824,2.357411
825,2.371485
826,2.353394
827,2.352143
828,2.383782
829,2.376608
830,2.392695
831,2.415083
832,2.44831
833,2.430936
834,2.433755
835,2.441987
836,2.430447
837,2.398522
838,2.41947
839,2.411734
840,2.435039
841,2.463725
842,2.464952
843,2.423558
844,2.45745
845,2.440507
846,2.453861
847,2.451427
848,2.462491
849,2.474334
850,2.464862
851,2.484445
852,2.492047
853,2.514263
854,2.511795
855,2.496196
856,2.502985
857,2.511795
858,2.526039
859,2.509714
860,2.493605
861,2.486446
862,2.47265
863,2.458835
864,2.46075
865,2.45362
866,2.440339
867,2.451845
868,2.461339
869,2.472345
870,2.44904
871,2.419756
872,2.405644
873,2.387019
874,2.362748
875,2.388221
876,2.380663
877,2.346565
878,2.347256
879,2.383773
880,2.383103
881,2.359266
882,2.382586
883,2.405148
884,2.420193
885,2.429341
886,2.42058
887,2.427195
888,2.439645
889,2.433548
890,2.407214
891,2.439398
892,2.452159
893,2.432258
894,2.445707
895,2.458112
896,2.403354
897,2.368374
898,2.39196
899,2.319743
900,2.34453
901,2.371443
902,2.368531
903,2.335957
904,2.344666
905,2.340374
906,2.347089
907,2.363961
908,2.372702
909,2.376272
910,2.396547
911,2.392247
912,2.38496
913,2.406853
914,2.395357
915,2.396673
916,2.386918
917,2.413484
918,2.43971
919,2.43877
920,2.43674
921,2.433755
922,2.444232
923,2.451736
924,2.439772
925,2.432191
926,2.427493
927,2.43606
928,2.428084
929,2.421042
930,2.404519
931,2.410463
932,2.430172
933,2.462376
934,2.403393
935,2.386028
936,2.350591
937,2.35652
938,2.349169
939,2.337403
940,2.330108
941,2.326568
942,2.31515
943,2.334359
944,2.303902
945,2.33693
946,2.34583
947,2.326333
948,2.333275
949,2.348769
950,2.365023
951,2.371066
952,2.379402
953,2.391414
954,2.384519
955,2.398154
956,2.402026
957,2.403209
958,2.394621
959,2.386413
960,2.394691
961,2.429082
962,2.437176
963,2.424406
964,2.416433
965,2.402889
966,2.406128
967,2.388629
968,2.378812
969,2.396048
970,2.387608
971,2.415651
972,2.422949
973,2.421775
974,2.411144
975,2.40163
976,2.410419
977,2.412086
978,2.420492
979,2.444109
980,2.432688
981,2.479247
982,2.402213
983,2.349337
984,2.341237
985,2.372147
986,2.414322
987,2.421966
988,2.436174
989,2.457227
990,2.46021
991,2.474123
992,2.442241
993,2.439315
994,2.413462
995,2.412625
996,2.392602
997,2.387529
998,2.370736
999,2.356412
1000,2.366868
1001,2.379089
1002,2.37301
1003,2.349029
1004,2.332999
1005,2.341145
1006,2.349454
1007,2.361782
1008,2.358084
1009,2.334981
1010,2.347235
1011,2.354651
1012,2.351713
1013,2.359207
1014,2.365849
1015,2.388928
1016,2.346244
1017,2.346939
1018,2.340244
1019,2.367038
1020,2.389083
1021,2.400558
1022,2.382924
1023,2.375712
1024,2.357839
1025,2.36747
1026,2.346755
1027,2.368985
1028,2.402388
1029,2.374535
1030,2.391954
1031,2.416725
1032,2.410302
1033,2.390063
1034,2.382342
1035,2.421701
1036,2.396631
1037,2.390092
1038,2.414296
1039,2.436655
1040,2.387321
1041,2.379442
1042,2.413248
1043,2.436837
1044,2.429239
1045,2.403684
1046,2.404567
1047,2.423226
1048,2.375156
1049,2.362603
1050,2.38244
1051,2.32951
1052,2.355774
1053,2.347384
1054,2.376742
1055,2.362205
1056,2.356503
1057,2.337542
1058,2.352359
1059,2.369002
1060,2.393674
1061,2.366315
1062,2.377081
1063,2.372538
1064,2.312054
1065,2.35416
1066,2.324565
1067,2.360195
1068,2.361688
1069,2.377831
1070,2.337175
1071,2.342404
1072,2.335854
1073,2.329088
1074,2.331756
1075,2.309882
1076,2.335667
1077,2.365997
1078,2.364022
1079,2.363062
1080,2.366696
1081,2.35768
1082,2.394264
1083,2.406327
1084,2.383759
1085,2.36629
1086,2.367076
1087,2.294789
1088,2.329294
1089,2.355141
1090,2.370558
1091,2.38839
1092,2.398113
1093,2.41506
1094,2.426252
1095,2.430945
1096,2.438443
1097,2.426289
1098,2.431984
1099,2.448416
1100,2.45977
1101,2.465091
1102,2.477795
1103,2.465023
1104,2.480184
1105,2.483153
1106,2.497296
1107,2.489864
1108,2.458042
1109,2.463072
1110,2.474893
1111,2.490295
1112,2.494676
1113,2.475225
1114,2.492978
1115,2.509611
1116,2.511411
1117,2.48153
1118,2.471779
1119,2.483964
1120,2.481143
1121,2.479784
1122,2.498325
1123,2.490403
1124,2.469282
1125,2.467649
1126,2.45413
1127,2.448022
1128,2.432422
1129,2.425422
1130,2.418965
1131,2.389238
1132,2.372077
1133,2.362063
1134,2.311144
1135,2.3494
1136,2.343606
1137,2.325373
1138,2.331918
1139,2.370151
1140,2.369487
1141,2.374844
1142,2.402958
1143,2.387149
1144,2.386638
1145,2.379732
1146,2.354044
1147,2.342272
1148,2.348254
1149,2.341734
1150,2.334698
1151,2.327867
1152,2.34223
1153,2.324513
1154,2.335233
1155,2.3104
1156,2.28912
1157,2.271134
1158,2.275037
1159,2.311733
1160,2.332529
1161,2.336496
1162,2.307931
1163,2.360377
1164,2.384666
1165,2.393332
1166,2.388069
1167,2.389878
1168,2.360437
1169,2.388346
1170,2.411984
1171,2.385099
1172,2.395369
1173,2.406606
1174,2.415138
1175,2.363038
1176,2.403017
1177,2.402511
1178,2.404576
1179,2.391427
1180,2.366253
1181,2.360358
1182,2.408686
1183,2.389884
1184,2.396745
1185,2.418326
1186,2.390026
1187,2.40355
1188,2.403225
1189,2.427372
1190,2.406492
1191,2.378466
1192,2.427722
1193,2.445106
1194,2.44155
1195,2.432008
1196,2.422015
1197,2.446387
1198,2.416385
1199,2.428127
1200,2.437713
1201,2.423056
1202,2.42938
1203,2.455699
1204,2.463092
1205,2.491545
1206,2.522398
1207,2.456096
1208,2.401398
1209,2.402024
1210,2.394926
1211,2.393781
1212,2.376835
1213,2.36854
1214,2.34101
1215,2.368181
1216,2.393248
1217,2.424139
1218,2.394625
1219,2.378383
1220,2.38757
1221,2.385869
1222,2.375596
1223,2.391604
1224,2.385903
1225,2.382477
1226,2.387296
1227,2.44144
1228,2.462075
1229,2.469175
1230,2.474856
1231,2.423018
1232,2.429608
1233,2.451319
1234,2.449364
1235,2.461921
1236,2.471081
1237,2.487557
1238,2.473806
1239,2.46971
1240,2.482982
1241,2.497927
1242,2.531806
1243,2.504863
1244,2.506873
1245,2.498293
1246,2.474932
1247,2.483097
1248,2.489478
1249,2.490167
1250,2.518444
1251,2.529533
1252,2.524834
1253,2.530508
1254,2.544582
1255,2.552306
1256,2.564234
1257,2.557296
1258,2.558721
1259,2.582653
1260,2.555549
1261,2.532747
1262,2.516235
1263,2.518276
1264,2.511765
1265,2.495762
1266,2.494258
1267,2.49499
1268,2.496519
1269,2.485184
1270,2.442358
1271,2.436098
1272,2.39609
1273,2.378622
1274,2.380258
1275,2.369506
1276,2.348746
1277,2.323266
1278,2.315916
1279,2.294343
1280,2.320664
1281,2.343969
1282,2.351826
1283,2.396038
1284,2.37075
1285,2.341297
1286,2.329928
1287,2.347067
1288,2.357945
1289,2.363952
1290,2.391932
1291,2.398212
1292,2.389163
1293,2.403789
1294,2.414208
1295,2.435514
1296,2.42437
1297,2.418756
1298,2.403548
1299,2.354813
1300,2.348772
1301,2.3111
1302,2.340741
1303,2.326736
1304,2.310499
1305,2.307149
1306,2.319772
1307,2.336212
1308,2.345434
1309,2.35762
1310,2.357258
1311,2.356501
1312,2.352632
1313,2.365676
1314,2.384855
1315,2.391044
1316,2.404323
1317,2.38028
1318,2.401075
1319,2.408539
1320,2.388236
1321,2.414421
1322,2.400559
1323,2.378885
1324,2.342112
1325,2.379198
1326,2.399709
1327,2.398518
1328,2.35391
1329,2.335921
1330,2.299638
1331,2.281209
1332,2.280712
1333,2.308251
1334,2.285517
1335,2.305856
1336,2.3089
1337,2.314332
1338,2.335673
1339,2.324585
1340,2.344109
1341,2.36038
1342,2.350911
1343,2.345373
1344,2.36998
1345,2.35358
1346,2.348836
1347,2.357331
1348,2.31394
1349,2.28778
1350,2.249078
1351,2.250695
1352,2.2729
1353,2.276424
1354,2.303268
1355,2.324654
1356,2.327756
1357,2.28758
1358,2.318881
1359,2.332601
1360,2.312058
1361,2.33137
1362,2.344979
1363,2.343989
1364,2.324754
1365,2.363472
1366,2.443785
1367,2.42886
1368,2.46855
1369,2.485773
1370,2.4935
1371,2.49878
1372,2.490542
1373,2.49019
1374,2.490126
1375,2.489849
1376,2.499942
1377,2.503645
1378,2.503349
1379,2.52338
1380,2.507827
1381,2.500239
1382,2.506018
1383,2.489466
1384,2.508369
1385,2.50288
1386,2.478554
1387,2.467846
1388,2.403682
1389,2.402502
1390,2.334137
1391,2.274615
1392,2.308599
1393,2.340847
1394,2.348604
1395,2.357811
1396,2.392102
1397,2.382858
1398,2.384745
1399,2.395529
1400,2.394926
1401,2.388679
1402,2.370753
1403,2.328588
1404,2.339052
1405,2.345981
1406,2.347731
1407,2.330447
1408,2.335379
1409,2.335138
1410,2.308577
1411,2.328251
1412,2.319654
1413,2.329484
1414,2.340592
1415,2.349623
1416,2.346286
1417,2.342846
1418,2.333592
1419,2.333785
1420,2.356183
1421,2.341452
1422,2.325737
1423,2.349024
1424,2.366146
1425,2.374939
1426,2.390049
1427,2.411527
1428,2.398673
1429,2.397641
1430,2.40743
1431,2.381466
1432,2.370376
1433,2.355022
1434,2.349983
1435,2.378392
1436,2.391456
1437,2.39289
1438,2.330837
1439,2.334882
1440,2.320454
1441,2.334915
1442,2.28387
1443,2.322206
1444,2.348218
1445,2.361028
1446,2.376839
1447,2.37455
1448,2.39441
1449,2.382833
1450,2.380037
1451,2.355338
1452,2.378326
1453,2.368879
1454,2.31118
1455,2.326114
1456,2.321271
1457,2.350596
1458,2.348472
1459,2.304877
1460,2.315873
1461,2.334515
1462,2.303145
1463,2.322905
1464,2.330648
1465,2.341939
1466,2.345776
1467,2.362981
1468,2.375279
1469,2.421972
1470,2.440368
1471,2.426343
1472,2.420284
1473,2.416627
1474,2.41848
1475,2.414262
1476,2.421178
1477,2.420646
1478,2.438264
1479,2.439986
1480,2.431201
1481,2.432146
1482,2.450406
1483,2.460903
1484,2.46539
1485,2.463622
1486,2.47584
1487,2.466953
1488,2.462807
1489,2.468316
1490,2.469643
1491,2.489408
1492,2.512853
1493,2.492958
1494,2.495738
1495,2.505605
1496,2.536089
1497,2.541697
1498,2.506079
1499,2.488653
1500,2.508199
1501,2.485972
1502,2.453805
1503,2.480274
1504,2.440747
1505,2.40705
1506,2.427906
1507,2.42032
1508,2.390606
1509,2.407425
1510,2.384373
1511,2.353669
1512,2.368496
1513,2.389692
1514,2.413843
1515,2.437937
1516,2.452546
1517,2.464112
1518,2.47722
1519,2.459697
1520,2.443753
1521,2.435703
1522,2.384294
1523,2.390388
1524,2.417046
1525,2.417455
1526,2.405712
1527,2.410176
1528,2.39859
1529,2.367069
1530,2.367136
1531,2.387131
1532,2.388592
1533,2.371639
1534,2.311011
1535,2.315528
1536,2.280497
1537,2.305701
1538,2.314468
1539,2.35321
1540,2.351541
1541,2.360028
1542,2.355202
1543,2.364179
1544,2.348768
1545,2.343669
1546,2.34176
1547,2.329971
1548,2.340588
1549,2.3187
1550,2.333574
1551,2.376426
1552,2.378697
1553,2.367091
1554,2.372688
1555,2.376785
1556,2.36876
1557,2.399279
1558,2.383433
1559,2.363914
1560,2.386437
1561,2.372053
1562,2.344936
1563,2.373805
1564,2.373693
1565,2.373857
1566,2.400069
1567,2.376697
1568,2.40449
1569,2.39481
1570,2.396352
1571,2.418076
1572,2.40525
1573,2.396821
1574,2.36585
1575,2.356727
1576,2.374743
1577,2.389476
1578,2.367274
1579,2.320765
1580,2.285371
1581,2.288523
1582,2.3296
1583,2.320308
1584,2.323241
1585,2.369356
1586,2.389507
1587,2.4031
1588,2.409415
1589,2.42546
1590,2.407496
1591,2.421655
1592,2.431546
1593,2.425098
1594,2.429215
1595,2.413848
1596,2.401754
1597,2.406994
1598,2.384393
1599,2.387697
1600,2.410207
1601,2.435891
1602,2.425025
1603,2.418794
1604,2.395902
1605,2.361578
1606,2.364855
1607,2.383334
1608,2.399135
1609,2.401005
1610,2.383639
1611,2.390546
1612,2.374996
1613,2.318179
1614,2.322056
1615,2.322679
1616,2.371389
1617,2.417529
1618,2.34658
1619,2.350106
1620,2.39556
1621,2.39283
1622,2.389426
1623,2.398407
1624,2.392579
1625,2.416203
1626,2.406094
1627,2.38486
1628,2.40024
1629,2.385715
1630,2.390978
1631,2.413383
1632,2.427834
1633,2.444478
1634,2.459593
1635,2.455159
1636,2.467685
1637,2.428113
1638,2.405285
1639,2.418139
1640,2.413773
1641,2.408549
1642,2.364367
1643,2.336709
1644,2.328743
1645,2.33249
1646,2.297676
1647,2.31036
1648,2.338813
1649,2.343532
1650,2.379099
1651,2.336413
1652,2.378442
1653,2.398524
1654,2.411041
1655,2.384565
1656,2.372903
1657,2.380249
1658,2.40853
1659,2.391022
1660,2.364042
1661,2.349142
1662,2.350347
1663,2.358742
1664,2.383835
1665,2.412951
1666,2.398036
1667,2.399345
1668,2.405867
1669,2.431134
1670,2.377709
1671,2.381904
1672,2.381348
1673,2.343533
1674,2.331501
1675,2.326315
1676,2.349054
1677,2.343397
1678,2.339362
1679,2.35566
1680,2.326862
1681,2.254706
1682,2.203633
1683,2.193046
1684,2.215985
1685,2.222779
1686,2.270655
1687,2.286505
1688,2.267237
1689,2.325807
1690,2.345936
1691,2.344508
1692,2.369873
1693,2.382766
1694,2.389385
1695,2.392554
1696,2.407323
1697,2.419291
1698,2.444094
1699,2.468359
1700,2.490236
1701,2.485439
1702,2.418208
1703,2.406807
1704,2.401379
1705,2.426534
1706,2.446794
1707,2.435862
1708,2.432245
1709,2.411138
1710,2.410038
1711,2.421289
1712,2.415974
1713,2.456441
1714,2.479087
1715,2.472359
1716,2.459578
1717,2.438899
1718,2.445595
1719,2.433482
1720,2.4152
1721,2.375614
1722,2.370403
1723,2.393345
1724,2.351546
1725,2.359491
1726,2.377771
1727,2.382646
1728,2.408212
1729,2.424044
1730,2.436132
1731,2.438282
1732,2.430125
1733,2.395894
1734,2.35488
1735,2.392451
1736,2.362657
1737,2.364863
1738,2.331943
1739,2.336919
1740,2.374015
1741,2.387299
1742,2.398403
1743,2.39349
1744,2.416781
1745,2.405228
1746,2.350281
1747,2.35945
1748,2.359998
1749,2.368867
1750,2.362212
1751,2.393914
1752,2.403191
1753,2.413096
1754,2.41779
1755,2.449271
1756,2.432408
1757,2.449644
1758,2.405662
1759,2.389065
1760,2.377584
1761,2.354042
1762,2.327912
1763,2.319656
1764,2.334777
1765,2.370591
1766,2.291084
1767,2.317215
1768,2.331341
1769,2.353326
1770,2.351244
1771,2.379621
1772,2.396363
1773,2.409103
1774,2.419949
1775,2.396056
1776,2.360456
1777,2.362113
1778,2.370678
1779,2.401323
1780,2.394091
1781,2.431743
1782,2.415272
1783,2.415473
1784,2.396878
1785,2.431463
1786,2.476218
1787,2.463208
1788,2.475106
1789,2.465907
1790,2.471779
1791,2.45272
1792,2.420106
1793,2.414869
1794,2.404971
1795,2.382968
1796,2.4144
1797,2.413193
1798,2.426989
1799,2.419376
1800,2.442702
1801,2.441387
1802,2.418008
1803,2.37942
1804,2.388647
1805,2.377862
1806,2.355726
1807,2.320275
1808,2.34165
1809,2.321383
1810,2.347683
1811,2.356824
1812,2.323291
1813,2.338475
1814,2.348867
1815,2.368457
1816,2.384385
1817,2.380501
1818,2.395327
1819,2.382133
1820,2.413144
1821,2.421651
1822,2.444634
1823,2.455389
1824,2.455982
1825,2.527145
1826,2.511518
1827,2.444897
1828,2.406922
1829,2.42819
1830,2.433527
1831,2.405371
1832,2.418776
1833,2.404656
1834,2.415573
1835,2.433222
1836,2.391563
1837,2.362607
1838,2.35879
1839,2.323626
1840,2.295104
1841,2.277894
1842,2.267897
1843,2.268955
1844,2.293693
1845,2.291211
1846,2.30551
1847,2.334399
1848,2.351477
1849,2.312135
1850,2.307776
1851,2.267098
1852,2.265909
1853,2.269182
1854,2.304969
1855,2.341901
1856,2.359072
1857,2.36551
1858,2.356364
1859,2.356573
1860,2.373199
1861,2.353516
1862,2.303259
1863,2.313608
1864,2.326154
1865,2.347891
1866,2.343243
1867,2.3384
1868,2.312936
1869,2.306341
1870,2.264547
1871,2.264048
1872,2.275276
1873,2.293447
1874,2.295639
1875,2.28162
1876,2.253298
1877,2.278391
1878,2.286183
1879,2.267876
1880,2.23065
1881,2.239002
1882,2.257334
1883,2.255946
1884,2.281063
1885,2.310686
1886,2.305374
1887,2.352493
1888,2.322576
1889,2.315476
1890,2.289346
1891,2.235202
1892,2.182961
1893,2.184695
1894,2.227829
1895,2.235924
1896,2.208519
1897,2.202497
1898,2.230622
1899,2.232936
1900,2.271648
1901,2.311425
1902,2.322257
1903,2.3193
1904,2.312555
1905,2.341105
1906,2.334159
1907,2.344583
1908,2.332768
1909,2.324221
1910,2.311589
1911,2.367415
1912,2.345471
1913,2.349145
1914,2.354857
1915,2.338167
1916,2.367212
1917,2.384515
1918,2.354078
1919,2.379751
1920,2.36886
1921,2.384458
1922,2.40413
1923,2.375097
1924,2.364465
1925,2.367159
1926,2.365805
1927,2.364318
1928,2.38528
1929,2.378511
1930,2.404681
1931,2.397058
1932,2.399661
1933,2.432095
1934,2.419734
1935,2.423422
1936,2.351202
1937,2.337062
1938,2.352117
1939,2.302464
1940,2.32056
1941,2.268166
1942,2.294967
1943,2.340812
1944,2.35063
1945,2.335738
1946,2.321727
1947,2.347167
1948,2.369933
1949,2.404541
1950,2.409701
1951,2.403607
1952,2.413154
1953,2.449358
1954,2.451792
1955,2.446511
1956,2.459984
1957,2.444275
1958,2.466547
1959,2.510508
1960,2.45262
1961,2.412384
1962,2.428835
1963,2.428081
1964,2.435561
1965,2.45682
1966,2.422209
1967,2.418952
1968,2.429144
1969,2.48471
1970,2.47314
1971,2.458705
1972,2.470297
1973,2.485295
1974,2.47372
1975,2.472218
1976,2.467519
1977,2.442646
1978,2.42909
1979,2.470048
1980,2.429516
1981,2.428939
1982,2.422526
1983,2.41361
1984,2.428795
1985,2.442519
1986,2.472668
1987,2.473677
1988,2.495831
1989,2.486708
1990,2.468398
1991,2.423918
1992,2.429389
1993,2.388835
1994,2.413369
1995,2.404623
1996,2.445847
1997,2.42864
1998,2.377315
1999,2.412062
2000,2.358641
2001,2.382459
2002,2.405649
2003,2.363126
2004,2.342453
2005,2.354884
2006,2.3575
2007,2.333792
2008,2.337302
2009,2.314361
2010,2.312559
2011,2.266544
2012,2.312966
2013,2.348891
2014,2.389267
2015,2.406745
2016,2.385207
2017,2.424459
2018,2.429561
2019,2.408534
2020,2.430671
2021,2.401498
2022,2.440574
2023,2.434837
2024,2.370625
2025,2.402213
2026,2.429074
2027,2.416802
2028,2.348628
2029,2.417349
2030,2.463706
2031,2.456046
2032,2.490174
2033,2.517962
2034,2.517121
2035,2.501889
2036,2.451234
2037,2.502365
2038,2.481483
2039,2.385432
2040,2.367557
2041,2.3975
2042,2.425201
2043,2.441492
2044,2.442791
2045,2.445674
2046,2.46271
2047,2.452974
2048,2.454046
2049,2.449757
2050,2.456164
2051,2.424685
2052,2.422094
2053,2.454925
2054,2.400352
2055,2.401575
2056,2.358091
2057,2.265793
2058,2.26843
2059,2.264482
2060,2.24524
2061,2.265626
2062,2.245266
2063,2.227105
2064,2.243219
2065,2.303003
2066,2.327968
2067,2.332481
2068,2.347909
2069,2.294517
2070,2.2982
2071,2.312855
2072,2.358791
2073,2.378834
2074,2.403068
2075,2.380384
2076,2.378731
2077,2.372391
2078,2.371904
2079,2.348036
2080,2.318328
2081,2.336386
2082,2.28156
2083,2.333901
2084,2.327574
2085,2.326469
2086,2.346937
2087,2.337489
2088,2.320865
2089,2.306369
2090,2.29776
2091,2.302977
2092,2.320449
2093,2.326218
2094,2.390822
2095,2.411274
2096,2.389377
2097,2.344612
2098,2.341533
2099,2.341574
2100,2.372649
2101,2.322014
2102,2.33052
2103,2.3009
2104,2.310383
2105,2.326204
2106,2.356933
2107,2.317606
2108,2.359212
2109,2.393097
2110,2.390902
2111,2.366874
2112,2.363404
2113,2.382393
2114,2.402848
2115,2.422877
2116,2.420682
2117,2.480339
2118,2.494088
2119,2.477643
2120,2.476742
2121,2.509132
2122,2.525148
2123,2.46926
2124,2.46743
2125,2.465097
2126,2.466952
2127,2.503107
2128,2.503735
2129,2.472504
2130,2.46736
2131,2.47808
2132,2.464498
2133,2.463779
2134,2.46314
2135,2.448698
2136,2.432944
2137,2.433115
2138,2.412549
2139,2.357154
2140,2.335876
2141,2.36114
2142,2.370804
2143,2.334624
2144,2.322011
2145,2.307336
2146,2.319895
2147,2.310625
2148,2.333859
2149,2.356883
2150,2.386398
2151,2.392538
2152,2.384177
2153,2.384919
2154,2.363107
2155,2.371568
2156,2.411189
2157,2.408238
2158,2.395185
2159,2.415777
2160,2.436971
2161,2.466119
2162,2.468503
2163,2.473059
2164,2.483823
2165,2.504183
2166,2.485905
2167,2.492908
2168,2.473645
2169,2.429816
2170,2.42648
2171,2.430857
2172,2.415857
2173,2.443593
2174,2.460517
2175,2.45537
2176,2.476049
2177,2.470366
2178,2.474163
2179,2.481208
2180,2.491327
2181,2.477593
2182,2.447141
2183,2.368528
2184,2.350058
2185,2.371923
2186,2.28979
2187,2.323544
2188,2.321812
2189,2.299649
2190,2.291571
2191,2.278419
2192,2.272821
2193,2.302037
2194,2.271036
2195,2.292112
2196,2.267311
2197,2.250045
2198,2.245147
2199,2.263436
2200,2.253915
2201,2.261278
2202,2.301446
2203,2.399721
2204,2.446469
2205,2.439989
2206,2.371085
2207,2.356523
2208,2.398097
2209,2.294262
2210,2.284689
2211,2.311693
2212,2.324484
2213,2.384395
2214,2.386113
2215,2.408821
2216,2.443439
2217,2.470097
2218,2.45027
2219,2.489417
2220,2.46025
2221,2.520603
2222,2.474407
2223,2.491259
2224,2.458557
2225,2.485917
2226,2.491005
2227,2.449564
2228,2.509113
2229,2.504165
2230,2.470727
2231,2.336868
2232,2.387364
2233,2.422278
2234,2.429098
2235,2.426652
2236,2.423534
2237,2.465709
2238,2.486455
2239,2.459587
2240,2.481418
2241,2.476542
2242,2.483083
2243,2.449589
2244,2.459363
2245,2.390149
2246,2.357761
2247,2.366448
2248,2.368064
2249,2.390705
2250,2.384124
2251,2.411603
2252,2.412911
2253,2.41053
2254,2.452446
2255,2.461377
2256,2.493916
2257,2.504636
2258,2.49682
2259,2.493679
2260,2.496595
2261,2.505485
2262,2.507786
2263,2.50461
2264,2.49807
2265,2.468576
2266,2.448586
2267,2.466079
2268,2.465973
2269,2.397114
2270,2.377413
2271,2.38379
2272,2.401794
2273,2.382364
2274,2.384819
2275,2.393871
2276,2.389178
2277,2.371453
2278,2.422898
2279,2.37696
2280,2.372742
2281,2.296008
2282,2.288523
2283,2.28588
2284,2.283475
2285,2.342478
2286,2.284661
2287,2.329955
2288,2.343522
2289,2.396602
2290,2.380757
2291,2.398499
2292,2.421422
2293,2.427139
2294,2.384299
2295,2.334081
2296,2.367336
2297,2.387566
2298,2.357647
2299,2.343794
2300,2.334097
2301,2.337018
2302,2.336161
2303,2.305385
2304,2.270591
2305,2.319294
2306,2.286296
2307,2.336164
2308,2.349767
2309,2.336062
2310,2.345539
2311,2.379561
2312,2.317492
2313,2.303042
2314,2.255685
2315,2.253833
2316,2.250478
2317,2.232583
2318,2.257336
2319,2.286788
2320,2.230973
2321,2.20569
2322,2.230082
2323,2.207635
2324,2.183358
2325,2.169057
2326,2.167623
2327,2.213296
2328,2.152163
2329,2.215088
2330,2.209339
2331,2.168442
2332,2.233737
2333,2.174571
2334,2.20887
2335,2.173119
2336,2.201168
2337,2.238864
2338,2.267363
2339,2.309038
2340,2.303439
2341,2.30293
2342,2.370955
2343,2.402746
2344,2.393217
2345,2.416385
2346,2.344714
2347,2.305007
2348,2.249569
2349,2.248849
2350,2.243221
2351,2.242704
2352,2.200804
2353,2.22332
2354,2.273553
2355,2.258888
2356,2.305647
2357,2.298211
2358,2.334324
2359,2.3224
2360,2.300753
2361,2.294833
2362,2.304474
2363,2.282727
2364,2.313493
2365,2.321625
2366,2.334805
2367,2.298166
2368,2.287018
2369,2.283543
2370,2.276635
2371,2.229445
2372,2.234603
2373,2.270289
2374,2.255435
2375,2.282339
2376,2.297965
2377,2.282362
2378,2.305575
2379,2.350243
2380,2.360879
2381,2.342704
2382,2.34508
2383,2.349526
2384,2.399957
2385,2.394112
2386,2.375396
2387,2.35934
2388,2.349072
2389,2.379059
2390,2.41325
2391,2.424871
2392,2.394188
2393,2.395112
2394,2.415192
2395,2.43983
2396,2.45901
2397,2.430689
2398,2.426322
2399,2.406627
2400,2.467622
2401,2.495582
2402,2.494375
2403,2.458723
2404,2.460652
2405,2.450365
2406,2.459721
2407,2.458206
2408,2.43753
2409,2.398103
2410,2.388576
2411,2.338148
2412,2.369678
2413,2.363895
2414,2.313319
2415,2.329586
2416,2.323799
2417,2.327808
2418,2.332275
2419,2.320457
2420,2.34944
2421,2.275434
2422,2.285357
2423,2.28039
2424,2.254359
2425,2.241401
2426,2.247288
2427,2.247149
2428,2.231409
2429,2.218367
2430,2.224059
2431,2.205975
2432,2.230396
2433,2.256531
2434,2.222615
2435,2.195806
2436,2.219636
2437,2.21957
2438,2.259102
2439,2.261388
2440,2.302268
2441,2.290141
2442,2.330851
2443,2.343739
2444,2.35729
2445,2.35179
2446,2.34217
2447,2.35801
2448,2.363831
2449,2.334166
2450,2.311639
2451,2.340182
2452,2.352184
2453,2.331675
2454,2.334172
2455,2.362419
2456,2.361216
2457,2.356796
2458,2.372975
2459,2.329826
2460,2.299444
2461,2.300537
2462,2.312574
2463,2.31717
2464,2.313428
2465,2.321401
2466,2.317783
2467,2.314001
2468,2.302203
2469,2.308254
2470,2.29685
2471,2.267595
2472,2.270688
2473,2.271996
2474,2.2956
2475,2.32109
2476,2.36621
2477,2.363022
2478,2.342433
2479,2.330751
2480,2.305822
2481,2.266089
2482,2.264875
2483,2.21239
2484,2.209852
2485,2.209212
2486,2.219916
2487,2.218064
2488,2.212262
2489,2.196208
2490,2.203326
2491,2.183442
2492,2.2519
2493,2.28914
2494,2.2485
2495,2.261479
2496,2.272324
2497,2.283538
2498,2.26719
2499,2.273371
2500,2.285465
2501,2.269607
2502,2.240093
2503,2.237655
2504,2.230511
2505,2.264302
2506,2.264421
2507,2.24278
2508,2.268989
2509,2.293074
2510,2.349306
2511,2.400427
2512,2.392504
2513,2.376157
2514,2.400288
2515,2.437398
2516,2.473223
2517,2.477241
2518,2.508387
2519,2.444497
2520,2.401528
2521,2.432284
2522,2.443949
2523,2.42082
2524,2.440128
2525,2.447409
2526,2.468661
2527,2.475346
2528,2.491173
2529,2.487361
2530,2.494692
2531,2.470369
2532,2.462003
2533,2.472725
2534,2.456076
2535,2.427806
2536,2.405676
2537,2.420433
2538,2.378234
2539,2.390103
2540,2.351229
2541,2.33203
2542,2.310804
2543,2.307963
2544,2.29086
2545,2.307066
2546,2.288319
2547,2.311777
2548,2.360751
2549,2.336127
2550,2.316509
2551,2.320915
2552,2.293423
2553,2.252348
2554,2.259388
2555,2.243343
2556,2.258214
2557,2.261708
2558,2.261909
2559,2.21721
2560,2.199315
2561,2.239187
2562,2.300386
2563,2.256128
2564,2.272628
2565,2.286874
2566,2.304288
2567,2.334593
2568,2.287804
2569,2.330154
2570,2.308547
2571,2.325096
2572,2.334888
2573,2.352644
2574,2.356348
2575,2.315972
2576,2.385638
2577,2.423902
2578,2.395737
2579,2.375531
2580,2.335729
2581,2.375995
2582,2.345973
2583,2.358125
2584,2.337014
2585,2.391269
2586,2.374001
2587,2.406923
2588,2.487578
2589,2.483006
2590,2.441411
2591,2.445222
2592,2.432186
2593,2.437644
2594,2.376648
2595,2.392787
2596,2.369923
2597,2.416546
2598,2.396495
2599,2.412784
2600,2.400443
2601,2.440199
2602,2.44043
2603,2.45818
2604,2.456438
2605,2.455706
2606,2.480856
2607,2.455321
2608,2.435962
2609,2.436505
2610,2.443096
2611,2.446966
2612,2.438704
2613,2.466164
2614,2.448646
2615,2.457184
2616,2.480034
2617,2.463117
2618,2.457995
2619,2.466104
2620,2.454809
2621,2.434102
2622,2.437164
2623,2.48498
2624,2.516643
2625,2.523878
2626,2.479698
2627,2.488904
2628,2.472601
2629,2.486246
2630,2.482123
2631,2.480372
2632,2.492549
2633,2.471962
2634,2.48251
2635,2.488678
2636,2.503888
2637,2.526363
2638,2.470638
2639,2.486671
2640,2.513421
2641,2.505187
2642,2.462742
2643,2.455309
2644,2.48393
2645,2.487367
2646,2.481476
2647,2.49747
2648,2.479745
2649,2.484551
2650,2.479164
2651,2.498515
2652,2.472679
2653,2.470302
2654,2.47806
2655,2.437455
2656,2.411556
2657,2.338571
2658,2.30517
2659,2.297796
2660,2.307233
2661,2.295886
2662,2.296638
2663,2.287973
2664,2.306251
2665,2.334522
2666,2.359279
2667,2.334039
2668,2.339874
2669,2.308504
2670,2.319384
2671,2.305052
2672,2.291944
2673,2.298519
2674,2.307164
2675,2.302185
2676,2.306602
2677,2.30813
2678,2.303593
2679,2.310541
2680,2.32046
2681,2.324745
2682,2.349334
2683,2.352881
2684,2.359524
2685,2.350587
2686,2.319969
2687,2.295669
2688,2.312727
2689,2.331045
2690,2.341838
2691,2.306004
2692,2.36368
2693,2.389331
2694,2.34345
2695,2.321783
2696,2.320786
2697,2.31925
2698,2.261052
2699,2.252396
2700,2.215521
2701,2.245795
2702,2.293262
2703,2.286493
2704,2.334276
2705,2.357003
2706,2.370652
2707,2.319754
2708,2.336448
2709,2.353093
2710,2.372295
2711,2.40689
2712,2.34253
2713,2.360913
2714,2.253745
2715,2.205445
2716,2.239193
2717,2.271446
2718,2.251768
2719,2.304116
2720,2.313491
2721,2.347651
2722,2.356118
2723,2.361103
2724,2.334271
2725,2.333362
2726,2.352828
2727,2.324376
2728,2.319855
2729,2.31786
2730,2.309279
2731,2.296977
2732,2.293733
2733,2.280149
2734,2.303693
2735,2.289243
2736,2.318869
2737,2.323505
2738,2.321651
2739,2.29859
2740,2.274239
2741,2.292512
2742,2.313079
2743,2.335553
2744,2.365443
2745,2.404226
2746,2.416512
2747,2.464995
2748,2.32444
2749,2.326032
2750,2.357876
2751,2.413153
2752,2.380546
2753,2.348159
2754,2.358746
2755,2.350503
2756,2.376745
2757,2.345279
2758,2.326105
2759,2.274906
2760,2.303084
2761,2.328815
2762,2.300333
2763,2.299506
2764,2.309324
2765,2.285131
2766,2.336181
2767,2.378307
2768,2.414159
2769,2.453443
2770,2.479131
2771,2.466867
2772,2.468133
2773,2.467914
2774,2.49338
2775,2.429365
2776,2.416013
2777,2.422009
2778,2.435284
2779,2.372952
2780,2.396951
2781,2.386695
2782,2.403043
2783,2.46828
2784,2.383416
2785,2.418476
2786,2.409947
2787,2.407017
2788,2.376008
2789,2.3537
2790,2.330358
2791,2.345015
2792,2.350945
2793,2.335876
2794,2.345407
2795,2.33486
2796,2.334239
2797,2.330857
2798,2.325269
2799,2.315227
2800,2.366053
2801,2.370289
2802,2.336522
2803,2.365322
2804,2.370758
2805,2.382571
2806,2.413631
2807,2.413807
2808,2.353414
2809,2.355022
2810,2.348083
2811,2.387409
2812,2.395676
2813,2.410098
2814,2.444243
2815,2.433708
2816,2.432773
2817,2.434883
2818,2.461984
2819,2.428851
2820,2.413166
2821,2.369334
2822,2.366698
2823,2.360103
2824,2.339377
2825,2.362099
2826,2.358317
2827,2.326743
2828,2.345395
2829,2.365495
2830,2.348989
2831,2.320959
2832,2.341399
2833,2.375342
2834,2.362326
2835,2.353028
2836,2.350559
2837,2.348606
2838,2.351562
2839,2.336865
2840,2.357163
2841,2.334864
2842,2.353127
2843,2.346773
2844,2.327472
2845,2.311574
2846,2.314034
2847,2.325234
2848,2.297936
2849,2.272879
2850,2.272956
2851,2.286578
2852,2.318348
2853,2.32753
2854,2.359193
2855,2.37812
2856,2.383376
2857,2.379225
2858,2.383936
2859,2.385468
2860,2.380843
2861,2.38845
2862,2.394226
2863,2.408524
2864,2.378629
2865,2.367011
2866,2.377883
2867,2.370127
2868,2.365957
2869,2.353991
2870,2.332239
2871,2.341908
2872,2.334909
2873,2.335087
2874,2.320869
2875,2.304639
2876,2.30747
2877,2.30648
2878,2.300322
2879,2.288482
2880,2.279976
2881,2.300052
2882,2.259739
2883,2.289189
2884,2.307051
2885,2.30866
2886,2.311313
2887,2.31293
2888,2.345756
2889,2.308728
2890,2.333087
2891,2.327578
2892,2.339002
2893,2.320182
2894,2.335186
2895,2.356134
2896,2.350992
2897,2.346744
2898,2.306337
2899,2.322041
2900,2.300469
2901,2.326455
2902,2.355086
2903,2.333163
2904,2.338061
2905,2.366502
2906,2.380709
2907,2.383033
2908,2.375874
2909,2.366048
2910,2.319394
2911,2.325999
2912,2.278223
2913,2.268813
2914,2.286267
2915,2.273478
2916,2.286572
2917,2.32924
2918,2.351027
2919,2.343847
2920,2.417936
2921,2.409734
2922,2.420687
2923,2.407699
2924,2.38553
2925,2.412273
2926,2.426393
2927,2.434656
2928,2.400208
2929,2.458195
2930,2.37451
2931,2.389557
2932,2.4132
2933,2.376732
2934,2.38176
2935,2.404899
2936,2.355855
2937,2.342545
2938,2.296829
2939,2.324902
2940,2.360335
2941,2.361964
2942,2.334469
2943,2.361089
2944,2.373778
2945,2.374254
2946,2.35024
2947,2.38429
2948,2.385884
2949,2.3909
2950,2.357398
2951,2.351511
2952,2.336724
2953,2.32809
2954,2.328881
2955,2.350535
2956,2.356584
2957,2.339948
2958,2.34835
2959,2.330625
2960,2.351819
2961,2.33934
2962,2.357228
2963,2.333967
2964,2.341991
2965,2.36549
2966,2.386563
2967,2.395964
2968,2.404434
2969,2.372748
2970,2.329152
2971,2.308672
2972,2.278835
2973,2.284291
2974,2.265356
2975,2.267387
2976,2.292484
2977,2.306146
2978,2.3095
2979,2.313913
2980,2.292563
2981,2.318011
2982,2.331461
2983,2.347612
2984,2.342021
2985,2.339718
2986,2.337076
2987,2.279145
2988,2.297186
2989,2.262371
2990,2.276832
2991,2.323039
2992,2.331295
2993,2.314064
2994,2.316416
2995,2.391822
2996,2.402116
2997,2.415744
2998,2.420503
2999,2.374194
